{
  "test": 28,
  "n": 50,
  "agreement": 0.54,
  "kappa": 0.26045016077170424,
  "kappa_ci": [
    0.08968307484828064,
    0.4554836503711197
  ],
  "per_stratum": {
    "baseline": 25,
    "defended": 25
  },
  "per_source": {
    "T3e": 24,
    "MT-AgentRisk": 26
  }
}