{
  "n": 50,
  "agreement": 0.62,
  "kappa": -0.05088495575221219,
  "kappa_ci": [
    -0.13888488852485573,
    0.06440788352121375
  ],
  "disagreements": 19,
  "per_source": {
    "T3e": 25,
    "MT-AgentRisk": 25
  }
}